sample_id,patient_id,baseline,arm,mpr,pathology_response_signed_pct,label_source,verified
durva036,durva036,1,durvalumab,0,-10,"PMC10982989 Table S1: Study number, Study/Arm, Pathology Response; MPR threshold: at least 90% cancer-cell killing (absolute response value >= 90), per article Methods",1
durva053,durva053,1,durvalumab,0,-10,"PMC10982989 Table S1: Study number, Study/Arm, Pathology Response; MPR threshold: at least 90% cancer-cell killing (absolute response value >= 90), per article Methods",1
durva045,durva045,1,durvalumab,0,-20,"PMC10982989 Table S1: Study number, Study/Arm, Pathology Response; MPR threshold: at least 90% cancer-cell killing (absolute response value >= 90), per article Methods",1
durva055,durva055,1,durvalumab,0,-20,"PMC10982989 Table S1: Study number, Study/Arm, Pathology Response; MPR threshold: at least 90% cancer-cell killing (absolute response value >= 90), per article Methods",1
durva026,durva026,1,durvalumab,0,-25,"PMC10982989 Table S1: Study number, Study/Arm, Pathology Response; MPR threshold: at least 90% cancer-cell killing (absolute response value >= 90), per article Methods",1
durva057,durva057,1,durvalumab,0,-25,"PMC10982989 Table S1: Study number, Study/Arm, Pathology Response; MPR threshold: at least 90% cancer-cell killing (absolute response value >= 90), per article Methods",1
durva027,durva027,1,durvalumab,0,-30,"PMC10982989 Table S1: Study number, Study/Arm, Pathology Response; MPR threshold: at least 90% cancer-cell killing (absolute response value >= 90), per article Methods",1
durva008,durva008,1,durvalumab,0,-40,"PMC10982989 Table S1: Study number, Study/Arm, Pathology Response; MPR threshold: at least 90% cancer-cell killing (absolute response value >= 90), per article Methods",1
durva030,durva030,1,durvalumab,0,-40,"PMC10982989 Table S1: Study number, Study/Arm, Pathology Response; MPR threshold: at least 90% cancer-cell killing (absolute response value >= 90), per article Methods",1
durva038,durva038,1,durvalumab,0,-45,"PMC10982989 Table S1: Study number, Study/Arm, Pathology Response; MPR threshold: at least 90% cancer-cell killing (absolute response value >= 90), per article Methods",1
durva012,durva012,1,durvalumab,0,-50,"PMC10982989 Table S1: Study number, Study/Arm, Pathology Response; MPR threshold: at least 90% cancer-cell killing (absolute response value >= 90), per article Methods",1
durva040,durva040,1,durvalumab,0,-70,"PMC10982989 Table S1: Study number, Study/Arm, Pathology Response; MPR threshold: at least 90% cancer-cell killing (absolute response value >= 90), per article Methods",1
durva061,durva061,1,durvalumab,0,-70,"PMC10982989 Table S1: Study number, Study/Arm, Pathology Response; MPR threshold: at least 90% cancer-cell killing (absolute response value >= 90), per article Methods",1
durva023,durva023,1,durvalumab,0,-75,"PMC10982989 Table S1: Study number, Study/Arm, Pathology Response; MPR threshold: at least 90% cancer-cell killing (absolute response value >= 90), per article Methods",1
durva028,durva028,1,durvalumab,0,-75,"PMC10982989 Table S1: Study number, Study/Arm, Pathology Response; MPR threshold: at least 90% cancer-cell killing (absolute response value >= 90), per article Methods",1
durva033,durva033,1,durvalumab,1,-100,"PMC10982989 Table S1: Study number, Study/Arm, Pathology Response; MPR threshold: at least 90% cancer-cell killing (absolute response value >= 90), per article Methods",1
durva046,durva046,1,durvalumab_sbrt,0,-25,"PMC10982989 Table S1: Study number, Study/Arm, Pathology Response; MPR threshold: at least 90% cancer-cell killing (absolute response value >= 90), per article Methods",1
durva018,durva018,1,durvalumab_sbrt,0,-40,"PMC10982989 Table S1: Study number, Study/Arm, Pathology Response; MPR threshold: at least 90% cancer-cell killing (absolute response value >= 90), per article Methods",1
durva044,durva044,1,durvalumab_sbrt,0,-40,"PMC10982989 Table S1: Study number, Study/Arm, Pathology Response; MPR threshold: at least 90% cancer-cell killing (absolute response value >= 90), per article Methods",1
durva009,durva009,1,durvalumab_sbrt,0,-50,"PMC10982989 Table S1: Study number, Study/Arm, Pathology Response; MPR threshold: at least 90% cancer-cell killing (absolute response value >= 90), per article Methods",1
durva007,durva007,1,durvalumab_sbrt,0,-60,"PMC10982989 Table S1: Study number, Study/Arm, Pathology Response; MPR threshold: at least 90% cancer-cell killing (absolute response value >= 90), per article Methods",1
durva001,durva001,1,durvalumab_sbrt,0,-70,"PMC10982989 Table S1: Study number, Study/Arm, Pathology Response; MPR threshold: at least 90% cancer-cell killing (absolute response value >= 90), per article Methods",1
durva003,durva003,1,durvalumab_sbrt,1,-95,"PMC10982989 Table S1: Study number, Study/Arm, Pathology Response; MPR threshold: at least 90% cancer-cell killing (absolute response value >= 90), per article Methods",1
durva006,durva006,1,durvalumab_sbrt,1,-95,"PMC10982989 Table S1: Study number, Study/Arm, Pathology Response; MPR threshold: at least 90% cancer-cell killing (absolute response value >= 90), per article Methods",1
durva017,durva017,1,durvalumab_sbrt,1,-99,"PMC10982989 Table S1: Study number, Study/Arm, Pathology Response; MPR threshold: at least 90% cancer-cell killing (absolute response value >= 90), per article Methods",1
durva021,durva021,1,durvalumab_sbrt,1,-99,"PMC10982989 Table S1: Study number, Study/Arm, Pathology Response; MPR threshold: at least 90% cancer-cell killing (absolute response value >= 90), per article Methods",1
durva042,durva042,1,durvalumab_sbrt,1,-99,"PMC10982989 Table S1: Study number, Study/Arm, Pathology Response; MPR threshold: at least 90% cancer-cell killing (absolute response value >= 90), per article Methods",1
durva060,durva060,1,durvalumab_sbrt,1,-99,"PMC10982989 Table S1: Study number, Study/Arm, Pathology Response; MPR threshold: at least 90% cancer-cell killing (absolute response value >= 90), per article Methods",1
durva029,durva029,1,durvalumab_sbrt,1,-100,"PMC10982989 Table S1: Study number, Study/Arm, Pathology Response; MPR threshold: at least 90% cancer-cell killing (absolute response value >= 90), per article Methods",1
durva037,durva037,1,durvalumab_sbrt,1,-100,"PMC10982989 Table S1: Study number, Study/Arm, Pathology Response; MPR threshold: at least 90% cancer-cell killing (absolute response value >= 90), per article Methods",1
durva039,durva039,1,durvalumab_sbrt,1,-100,"PMC10982989 Table S1: Study number, Study/Arm, Pathology Response; MPR threshold: at least 90% cancer-cell killing (absolute response value >= 90), per article Methods",1
durva056,durva056,1,durvalumab_sbrt,1,-100,"PMC10982989 Table S1: Study number, Study/Arm, Pathology Response; MPR threshold: at least 90% cancer-cell killing (absolute response value >= 90), per article Methods",1
